<!--
    Input:
        device/google/gs-common/wireless_charger/compatibility_matrix.xml
        device/google/gs-common/camera/device_framework_matrix_product.xml
        device/google/gs-common/battery_mitigation/compatibility_matrix.xml
        device/google/gs-common/audio/hidl/device_framework_matrix_product.xml
        device/google/gs201/device_framework_matrix_product.xml
        device/google/gs-common/touch/twoshay/aidl/compatibility_matrix_gs101.xml
        device/google/lynx/bluetooth/device_framework_matrix_product.xml
-->
<compatibility-matrix version="8.0" type="framework" level="7">
    <hal format="hidl" optional="true">
        <name>android.vendor.samsung_slsi.telephony.hardware.radio</name>
        <version>1.1</version>
        <interface>
            <name>IOemSamsungslsi</name>
            <instance>slot1</instance>
            <instance>slot2</instance>
        </interface>
    </hal>
    <hal format="hidl" optional="true">
        <name>com.fingerprints42.extension</name>
        <version>1.0</version>
        <interface>
            <name>IFingerprintAuthenticator</name>
            <instance>default</instance>
        </interface>
        <interface>
            <name>IFingerprintCalibration</name>
            <instance>default</instance>
        </interface>
        <interface>
            <name>IFingerprintEngineering</name>
            <instance>default</instance>
        </interface>
        <interface>
            <name>IFingerprintNavigation</name>
            <instance>default</instance>
        </interface>
        <interface>
            <name>IFingerprintRecalibration</name>
            <instance>default</instance>
        </interface>
        <interface>
            <name>IFingerprintSenseTouch</name>
            <instance>default</instance>
        </interface>
        <interface>
            <name>IFingerprintSensorTest</name>
            <instance>default</instance>
        </interface>
    </hal>
    <hal format="aidl" optional="true">
        <name>com.google.edgetpu</name>
        <version>2</version>
        <interface>
            <name>IEdgeTpuVendorService</name>
            <instance>default</instance>
        </interface>
    </hal>
    <hal format="aidl" optional="true">
        <name>com.google.edgetpu.dba</name>
        <interface>
            <name>IDevice</name>
            <instance>default</instance>
        </interface>
    </hal>
    <hal format="aidl" optional="true">
        <name>com.google.edgetpu.tachyon</name>
        <interface>
            <name>IComputeService</name>
            <instance>default</instance>
        </interface>
    </hal>
    <hal format="aidl" optional="true">
        <name>com.google.face.debug</name>
        <version>3-4</version>
        <interface>
            <name>IDebugHost</name>
            <instance>default</instance>
        </interface>
        <interface>
            <name>IDebugManager</name>
            <instance>default</instance>
        </interface>
    </hal>
    <hal format="aidl" optional="true">
        <name>com.google.hardware.pixel.display</name>
        <version>13</version>
        <interface>
            <name>IDisplay</name>
            <instance>default</instance>
        </interface>
    </hal>
    <hal format="aidl" optional="true">
        <name>com.google.input</name>
        <version>2-3</version>
        <interface>
            <name>ITouchContextService</name>
            <instance>default</instance>
        </interface>
    </hal>
    <hal format="aidl" optional="true">
        <name>com.google.pixel.camera.connectivity.hal.provider</name>
        <interface>
            <name>ICameraProvider</name>
            <instance>default</instance>
        </interface>
    </hal>
    <hal format="hidl" optional="true">
        <name>hardware.google.bluetooth.bt_channel_avoidance</name>
        <version>1.0</version>
        <interface>
            <name>IBTChannelAvoidance</name>
            <instance>default</instance>
        </interface>
    </hal>
    <hal format="hidl" optional="true">
        <name>hardware.google.bluetooth.sar</name>
        <version>1.1</version>
        <interface>
            <name>IBluetoothSar</name>
            <instance>default</instance>
        </interface>
    </hal>
    <hal format="aidl" optional="true">
        <name>hardware.qorvo.uwb</name>
        <version>2</version>
        <interface>
            <name>IUwbVendor</name>
            <instance>default</instance>
        </interface>
    </hal>
    <hal format="hidl" optional="true">
        <name>vendor.goodix.hardware.biometrics.fingerprint</name>
        <version>2.1</version>
        <interface>
            <name>IGoodixFingerprintDaemon</name>
            <instance>default</instance>
        </interface>
    </hal>
    <hal format="hidl" optional="true">
        <name>vendor.google.audiometricext</name>
        <version>1.0</version>
        <interface>
            <name>IAudioMetricExt</name>
            <instance>default</instance>
        </interface>
    </hal>
    <hal format="aidl" optional="true">
        <name>vendor.google.battery_mitigation</name>
        <interface>
            <name>IBatteryMitigation</name>
            <instance>default</instance>
        </interface>
    </hal>
    <hal format="aidl" optional="true">
        <name>vendor.google.google_battery</name>
        <version>2-3</version>
        <interface>
            <name>IGoogleBattery</name>
            <instance>default</instance>
        </interface>
    </hal>
    <hal format="hidl" optional="true">
        <name>vendor.google.radioext</name>
        <version>1.5</version>
        <interface>
            <name>IRadioExt</name>
            <instance>default</instance>
        </interface>
    </hal>
    <hal format="hidl" optional="true">
        <name>vendor.google.whitechapel.audio.audioext</name>
        <version>4.0</version>
        <interface>
            <name>IAudioExt</name>
            <instance>default</instance>
        </interface>
    </hal>
    <hal format="aidl" optional="true">
        <name>vendor.google.wifi_ext</name>
        <version>2-3</version>
        <interface>
            <name>IWifiExt</name>
            <instance>default</instance>
        </interface>
    </hal>
    <hal format="aidl" optional="true">
        <name>vendor.google.wireless_charger</name>
        <version>1-2</version>
        <interface>
            <name>IWirelessCharger</name>
            <instance>default</instance>
        </interface>
    </hal>
    <hal format="aidl" optional="true">
        <name>vendor.google.wireless_charger.service</name>
        <version>1-2</version>
        <interface>
            <name>IWlcService</name>
            <instance>default</instance>
        </interface>
    </hal>
    <hal format="hidl" optional="true">
        <name>vendor.samsung_slsi.telephony.hardware.oemservice</name>
        <version>1.0</version>
        <interface>
            <name>IOemService</name>
            <instance>dm0</instance>
            <instance>dm1</instance>
            <instance>sced0</instance>
        </interface>
    </hal>
    <hal format="hidl" optional="true">
        <name>vendor.samsung_slsi.telephony.hardware.radioExternal</name>
        <version>1.1</version>
        <interface>
            <name>IOemSlsiRadioExternal</name>
            <instance>rilExternal</instance>
        </interface>
    </hal>
</compatibility-matrix>
